[
    {
      "errorType": "PARTIAL_SUCCESS",
      "statusCode": "0001",
      "statusDescription": "Partial Success. Please validate the elements that were not returned",
      "fault": {
        "type": "digital.programs.APP_NAME.PARTIAL_SUCCESS",
        "title": "Partial Success."
      }
    },
    {
      "errorType": "REQUIRED_FIELD_MISSING",
      "statusCode": "5004",
      "statusDescription": "All request parameters needs to be provided. Please refer the developer portal to ensure you are building to specifications.",
      "fault": {
        "type": "digital.programs.APP_NAME.INVALID_DATA",
        "title": "missing/incorrect input request",
        "errors": [
          {
            "type": "digital.programs.APP_NAME.REQUIRED_FIELD_MISSING",
            "title": "FIELD_NAME must not be empty",
            "field": "FIELD_NAME"
          }
        ]
      }
    },
    {
      "errorType": "MUST_MATCH_PATTERN",
      "statusCode": "5004",
      "statusDescription": "All request parameters needs to be provided. Please refer the developer portal to ensure you are building to specifications.",
      "fault": {
        "type": "digital.programs.APP_NAME.INVALID_DATA",
        "title": "missing/incorrect input request",
        "errors": [
          {
            "type": "digital.programs.APP_NAME.INVALID_DATA",
            "title": "FIELD_NAME is invalid",
            "field": "FIELD_NAME"
          }
        ]
      }
    },
    {
      "errorType": "METHOD_NOT_ALLOWED",
      "statusCode": "5012",
      "statusDescription": "Method not allowed. Please refer the developer portal to ensure you are building to specifications.",
      "fault": {
        "type": "digital.programs.APP_NAME.METHOD_NOT_ALLOWED",
        "title": "Method not allowed"
      }
    },
    {
      "errorType": "UNPROCESSABLE_ENTITY",
      "statusCode": "1111",
      "statusDescription": "Business rules not parsed completely, Unable to decrypt given input.",
      "fault": {
        "type": "digital.programs.APP_NAME.UNPROCESSABLE_ENTITY",
        "title": "Business rules not parsed completely."
      }
    },
    {
      "errorType": "NOT_FOUND",
      "statusCode": "1002",
      "statusDescription": "not found",
      "fault": {
        "type": "digital.programs.APP_NAME.NOT_FOUND",
        "title": "Not Found."
      }
    },
    {
      "errorType": "INTERNAL_SERVER_ERROR",
      "statusCode": "9999",
      "statusDescription": "An Unexpected error occurred while fulfilling this request. Our engineers have been notified. Please try again in some time.",
      "fault": {
        "type": "digital.programs.APP_NAME.INTERNAL_SERVER_ERROR",
        "title": "Internal Server Error."
      }
    },
    {
      "errorType": "SERVICE_UNAVAILABLE",
      "statusCode": "5000",
      "statusDescription": "Looks like our servers are under maintenance. Please try again in some time.",
      "fault": {
        "title": "Looks like the service is down.",
        "type": "digital.programs.APP_NAME.SERVICE_DOWN"
      }
    },
    {
      "errorType": "INVALID_ID_ID_TYPE",
      "statusCode": "1002",
      "statusDescription": "Invalid id idType ",
      "fault": {
        "title": "Member info not found invalid id or idType.",
        "type": "digital.programs.APP_NAME.INVALID_ID_ID_TYPE"
    }
  },
  {
    "errorType": "NDCID_NOT_FOUND",
    "statusCode": "5014",
    "statusDescription": "drugName or ndcId Not Found",
    "fault": {
      "type": "digital.programs.APP_NAME.NOT_FOUND",
      "title": "drugName or ndcId Not Found. Please provide a valid drugName or ndcId"
    }
  },
  {
    "errorType": "MAIL_ONLY_DRUG",
    "statusCode": "5004",
    "statusDescription": "NcdId only available at Mail",
    "fault": {
      "title": "NcdId only available at Mail. Please use drug search by name.",
      "type": "digital.programs.APP_NAME.MAIL_ONLY_DRUG",
      "errors": [
		  {
		  "type": "digital.programs.APP_NAME.MAIL_ONLY_DRUG",
		  "title": "NcdId only available at Mail. Please use drug search by name.",
		  "field": "ndcId"
		  }
	  ]
    }   
  }
  ]  
