{
    "applicationId": "203ecc55-d794-47eb-9d92-5df1a2d2b241",
    "applicationName": "rxomni-drug-search",
    "applicationDesc": "This domain service is used by Drug Capability, this provides drug search from elastic for Un Authentic member and also calling ESL API for authenticated members.",
    "appFramework": "SPRINGBOOT",
    "appFeatures": [
        "WEB",
        "REDIS"
    ],
    "authType": "NO_AUTH",
    "lineOfBusiness": "PHARMACY",
    "memberEventInd": false,
    "status": "DRAFT",
    "active": true,
    "updatedBy": "Vikas Soni",
    "updatedDate": "2024-05-20T15:11:16.970",
    "createdBy": "Vikas Soni",
    "createdDate": "2024-04-25T19:24:12.948",
    "alerts": {
        "thresholdApiAlertsInd": true,
        "thresholdApiAlertsSeverity": "CRITICAL",
        "thresholdApiAlertsValue": 6000,
        "availabilityApiAlertsInd": true,
        "availabilityApiAlertsSeverity": "CRITICAL",
        "availabilityApiAlertsValue": 95,
        "tpsApiAlertsInd": true,
        "tpsApiAlertsSeverity": "WARNING",
        "tpsApiAlertsValue": 50,
        "channel": "slack",
        "groupName": "i90-OnboardingEligiblity",
        "owner": "app"
    },
    "experimentalFlag": false
}
